Mémoire,Titre,Page(s),Auteur(s),Ville(s),Thème(s),Époque
/Users/michelt/Pictures/Photothèque.photoslibrary/originals/0/02DF1CB0-B94D-4170-A15F-41A54515EAB3.png  Résumé,13,Dominique Rossi ,Vizille ,"Histoires ,  Guerres ,  Personnages remarquables ,  Récits ",XXe siècle ,EditerSupprimer
La poésie du jour 0 par l'intelligence artificielle sur Vizille Résumé,49,- ,Vizille ,"Littérature ,  technologies ",XXIe siècle ,EditerSupprimer
N° 01,,,,,,
"Vizille et ses commerces ; Place de la Libération, Place du château 1ère partie Résumé",57 à 62,Jeannette Della-Vedova ,Vizille ,"Vie locale ,  Activités commerçantes ",XXe siècle ,EditerSupprimer
Compte rendu de la mobilisation à Vizille (1er août 1914)  Résumé,3,Denis Bellon ,Vizille ,Guerres ,XXe siècle ,EditerSupprimer
La statue de Napoléon 1er à Laffrey  Résumé,14 à 20,Jeannette Della-Vedova ,Laffrey ,Personnages remarquables ,XXe siècle ,EditerSupprimer
La République des enfants de Moulin Vieux (1)  Résumé,26 à 27,Denis Bellon ,La Morte ,Enseignement ,- ,Editer Supprimer
Napoléon 1er à Tavernolles  Résumé,56 à 59,Louis Sarte ,Tavernolles ,Personnages remarquables ,- ,Editer Supprimer
Les cavalcades à Vizille (1e partie)  Résumé,38 à 41,Danielle Amar ,Vizille ,Evènements ,- ,Editer Supprimer
Histoire de la Poste (1e partie) à Vizille  Résumé,04 à 05,Paul Fournier ,Vizille ,"Vie locale ,  Voies de communication ",- ,Editer Supprimer
La prise du château de Champ par Lesdiguières le 1er avril 1587  Résumé,35 à 37,Robert Aillaud ,Champ sur Drac ,Evènements ,- ,EditerSupprimer
Le tragique éboulement du 1er avril 1827 à Séchilienne  Résumé,03 à 04,Bernard Mingone ,Séchilienne ,Evènements ,- ,EditerSupprimer
Mémoire n°1,,,,,,
Vizille et ses commerces - 1ère partie de la rue Général De Gaulle  Résumé,24 à 34,- ,Vizille ,Vie locale ,XXIe siècle ,Editer Supprimer
Histoire de la Poste (2e partie)  Résumé,12 à 17,Paul Fournier ,Vizille ,Vie locale ,- ,Editer Supprimer
Vizille et ses commerces : La rue Aristide Briand (rue d'Italie) - 2ème partie  Résumé,07 à 13,Jeannette Della-Vedova ,Vizille ,Vie locale ,XXIe siècle ,EditerSupprimer
Les cavalcades à Vizille (2e partie)  Résumé,18 à 20,Danielle Amar ,Vizille ,Evènements ,- ,Editer Supprimer
Notre-Dame-de-Jarrie (2e partie)  Résumé,19 à 27,Pierre Coing Boyat ,Jarrie ,Vie locale ,- ,Editer Supprimer
Vizille et ses commerces - Place de la Libération/Place du Château - 2ème partie  Résumé,60 à 68,Jeannette Della-Vedova ,Vizille ,Activités commerçantes ,XXe siècle ,EditerSupprimer
De la Vizilloise à l'Harmonie de Vizille - 2° partie - 1983-2017  Résumé,76,Jeannette Della-Vedova ,Vizille ,"Vie locale ,  Musique ,  Souvenirs ",XXe siècle ,EditerSupprimer
• L'épopée du ski jarrois - 2° partie - 1969/2017  Résumé,50,Claudie Picot ,Jarrie ,"Vie locale ,  Souvenirs ,  Sport ",XXe siècle ,EditerSupprimer
Mémoire n°2,,,,,,
Des représentations d'animaux dans le pays vizillois (2ème partie)  Résumé,75,Marie-Claude Argoud ,Pays vizillois ,"Lieux du pays vizillois ,  Lieux remarquables , Religions ,  Arts ",XVIIe siècle ,EditerSupprimer
N° 02,,,,,,
Les édifices religieux de l'ancien canton de Vizille - 2ème partie  Résumé,31,Jean-Claude Michel ,Pays vizillois ,"Lieux du pays vizillois ,  Bâtiments et édifices ,  Lieux remarquables ,  Religions ,  Arts ",IXe siècle ,EditerSupprimer
Les déplacements de Jean Jaurès en région «Rhône-Alpes» - 2ème partie  Résumé,80 à 83,- ,Vizille ,"Histoires ,  Personnages remarquables ",XIXe siècle ,EditerSupprimer
Le symbolisme au cimetière Les animaux (2ème partie) (  Résumé,64,Marie-Claude Argoud ,Vizille ,"Lieux du pays vizillois ,  Lieux remarquables ,  Traditions ",XIIIe siècle ,EditerSupprimer
Mémoire n°3,,,,,,
Vizille et ses commerces : Place de la Libération / Place du Château - 3ème partie Résumé,74 à 81,Jeannette Della-Vedova ,Vizille ,"Vie locale ,  Activités commerçantes ",XXIe siècle ,EditerSupprimer
N° 03,,,,,,
Histoire de la Poste à Vizille (3e partie)  Résumé,36 à 40,Paul Fournier ,Vizille ,Vie locale ,- ,Editer Supprimer
Vizille et ses commerces : la rue Jean Jaurès (3ème et dernière partie) Résumé,40 à 50,Jeannette Della-Vedova ,Vizille ,Vie locale ,XXIe siècle ,EditerSupprimer
Cavalcades organisées par le Comité du sou des écoles (3e partie)  Résumé,41 à 45,Danielle Amar ,Vizille ,Evènements ,- ,Editer Supprimer
Les 4 saisons de Léonce et Renée  Résumé,09 à 19,Magali Roux ,Jarrie ,Activités agricoles ,- ,Editer Supprimer
I - le fort des 4 seigneurs  Résumé,38 à 39,"Robert Bornecque ,  Marguerite Vianney-Liaud ",Herbeys ,Bâtiments et édifices ,- ,EditerSupprimer
N° 04,,,,,,
II - le fort des 4 seigneurs  Résumé,40 à 42,"Robert Bornecque ,  Marguerite Vianney-Liaud ",Herbeys ,Bâtiments et édifices ,- ,EditerSupprimer
Vizille et ses commerces : Place de la Libération - 4ème partie  Résumé,79 à 84,Jeannette Della-Vedova ,Vizille ,"Vie locale ,  Activités commerçantes ",XXIe siècle ,EditerSupprimer
Mémoire n°4,,,,,,
N° 05,,,,,,
Mémoire n°5,,,,,,
Abbaye de Boscodon : sortie du 6 juin 1998  Résumé,47 à 48,Michel Vial ,Crots ,Actualités ,- ,Editer Supprimer
Cinquante ans déjà : la dissolution du 6e BCA  Résumé,19 à 25,Paul Blanc ,Brié et Angonnes ,"Guerres ,  Grandes périodes ",- ,Editer Supprimer
Mémoire n°6,,,,,,
Mémoire n°6 bis,,,,,,
N° 06 bis,,,,,,
N° 06,,,,,,
N° 07,,,,,,
Mémoire n°7,,,,,,
Qu'est-ce qu'un zouave 7 (  Résumé,48,Jean Caelen ,Pays vizillois ,"Histoires ,  Guerres ",XIXe siècle ,EditerSupprimer
Mémoire n°8,,,,,,
N° 08,,,,,,
« Retour à Rivesaltes » - Le film des 8e grands rendez-vous de l'Histoire du Pays Vizillois ()  Résumé,29,Denis Bellon ,France ,"Histoires ,  Personnages remarquables ,  Récits ",XXe siècle ,EditerSupprimer
N° 09,,,,,,
Mémoire n°9,,,,,,
Mémoire n°10,,,,,,
Soirée Rigodon à Pellafol 10 aout 1996  Résumé,46,Germaine Billon ,Pellafol ,Actualités ,- ,Editer Supprimer
La wehrmacht à Vizille du 10 au 21 aout 1944  Résumé,04 à 11,Jean Perrin ,Vizille ,"Guerres ,  Grandes périodes ",- ,Editer Supprimer
N° 10,,,,,,
Mémoire n°11,,,,,,
N° 11,,,,,,
Cérémonie du 11 novembre 2023  Résumé,67,Pierrette Tournier ,"Pays vizillois , Vizille ","Vie locale ,  Guerres ,  Souvenirs ,  Récits ,  Traditions ",XXIe siècle ,EditerSupprimer
Mémoire n°12,,,,,,
N° 12,,,,,,
Chantiers de jeunesse n°12  Résumé,62 à 69,Raymond Devey ,Belledonne ,Vie locale ,- ,Editer Supprimer
La corde à 13 noeuds  Résumé,42 à 44,Michel Merlin ,France ,Histoires ,- ,EditerSupprimer
Mémoire n°13,,,,,,
N° 13,,,,,,
Mémoire n°14 bis,,,,,,
Mémoire n°14,,,,,,
La guerre 14/18 et l'utilisation des gaz de combat  Résumé,64 à 66,Gilbert Gacon ,"Claix ,  Jarrie ",Evènements ,- ,Editer Supprimer
14-18 Folie meurtrière  Résumé,2ème de couverture,Monique Bonvallet ,France ,Guerres ,XXe siècle ,EditerSupprimer
La guerre de 14/18  Résumé,34 à 38,"Gérard Mingat ,  Aline Pignat ",Pays vizillois ,"Guerres ,  Grandes périodes ",- ,Editer Supprimer
14 septembre 1219: les jours d'après à Vizille  Résumé,3,Georges Martin ,"Pays vizillois ,  Vizille ","Evènements ,  Eau, rivières, canaux et fontaines ",XIIIe siècle ,EditerSupprimer
N° 14,,,,,,
N° 14 bis,,,,,,
Le centre d'apprentissage bilan d'une année de travail - 14 juillet 1952  Résumé,64 à 65,Denis Bellon ,Vizille ,"Enseignement ,  Souvenirs ",XXe siècle ,EditerSupprimer
Les femmes dans la guerre de 14-18 - Seconde partie )  Résumé,68,Marie-Claude Argoud ,"Pays vizillois ,  Vizille ","Histoires ,  Guerres ,  Grandes périodes ,  Souvenirs ",XXe siècle ,EditerSupprimer
N° 15,,,,,,
Mémoire n°15,,,,,,
15 mars 1777 : testament de l'abbé de Beauregard  Résumé,13 à 17,Pierre Coing Boyat ,Jarrie ,"Religions ,  Personnages remarquables ",- ,Editer Supprimer
N° 16,,,,,,
16 juillt 1911 : Remédo pire que le mâ  Résumé,23,Raymond Joffre ,Vaulnaveys le bas ,"Patois ,  Toponymie ",- ,EditerSupprimer
Mémoire n°16,,,,,,
17 juin 1788 - 14 juillet 1789  Résumé,3,- ,- ,Grandes périodes ,- ,EditerSupprimer
N° 17,,,,,,
Mémoire n°17,,,,,,
Vizille fait divers : 18 février 1944  Résumé,29 à 32,Louis Girard-Reydet ,Vizille ,"Guerres ,  Grandes périodes ",- ,EditerSupprimer
18 février 1944  Résumé,26 à 28,Jean Perrin ,Vizille ,"Guerres ,  Grandes périodes ",- ,EditerSupprimer
Mémoire n°18,,,,,,
Ils venaient d'avoir 18 ans... Les conscrits  Résumé,41 à 49,Jeannette Della-Vedova ,Vizille ,Personnages remarquables ,XXe siècle ,Editer Supprimer
N° 18,,,,,,
N° 19,,,,,,
Mémoire n°19,,,,,,
Mémoire n°20,,,,,,
Actualités : les 20 ans de Bonrepos  Résumé,47,Robert Aillaud ,Jarrie ,Actualités ,- ,Editer Supprimer
N° 20,,,,,,
N° 21,,,,,,
Mémoire n°21,,,,,,
Journées du patrimoine 21 septembre 1997  Résumé,48,Germaine Billon ,Grenoble ,Actualités ,- ,EditerSupprimer
Napoléon et la réglementation minière - La loi du 21 avril 1810  Résumé,21 à 22,Marie-Christine Bailly-Maitre - ,"Pays vizillois ,  France ","Mines et minéralogie ,  Grandes périodes ",XIXe siècle ,EditerSupprimer
Mémoire n°22,,,,,,
22 aout 1944 : le film oublié  Résumé,38 à 40,Robert Aillaud ,Vizille ,"Guerres ,  Grandes périodes ",- ,EditerSupprimer
Contribution à l'histoire de la Libération de Vizille. Le 22 aout 1944  Résumé,05 à 08,Jean Perrin ,Vizille ,"Guerres ,  Grandes périodes ",- ,Editer Supprimer
Libération du pays vizillois - 22 aout 1944 (n° spécial)  Résumé,01 à 142,"Robert Aillaud ,  Gérard Mingat ",Pays vizillois ,"Guerres ,  Grandes périodes ",- ,Editer Supprimer
N° 22,,,,,,
N° 23,,,,,,
Mémoire n°23,,,,,,
Mémoire n°24,,,,,,
L'équipage américain du B24 - Libérator ()  Résumé,22,Pierre Lafaverges ,"L'Oisans ,  L'Alpe d'Huez ","Histoires ,  Guerres ,  Récits ",XXe siècle ,EditerSupprimer
N° 24,,,,,,
Mémoire n°25,,,,,,
Accident du grand mur dans la cote de Laffrey : 25 aout 1946  Résumé,24 à 25,Germaine Billon ,Saint Pierre de Mésage ,Evènements ,- ,Editer Supprimer
Heureux 25 ans  Résumé,2,Denis Bellon ,Pays vizillois ,Edito ,XXIe siècle ,EditerSupprimer
N° 25,,,,,,
N° 26,,,,,,
Mémoire n°26,,,,,,
Inauguration de l'orgue de Vizille le dimanche 26 novembre 1899  Résumé,75 à 76,Daniel Blanc-Gonnet ,Vizille ,"Vie locale ,  ,  Musique , Religions ",XIXe siècle ,EditerSupprimer
Mémoire n°27,,,,,,
N° 27,,,,,,
N° 28,,,,,,
Mémoire n°28,,,,,,
29 février 1632 : ordonnance de médecins lyonnais  Résumé,9,Pierre Coing Boyat ,Lyon ,Médecine ,- ,EditerSupprimer
Mémoire n°29,,,,,,
N° 29,,,,,,
Les distractions vers les années 30  Résumé,15 à 17,Aline Pignat ,Notre Dame de Mésage ,Vie locale ,- ,EditerSupprimer
Les paléo-lacs d'Oisans - Une histoire de 30 000 ans  Résumé,4,Marie-Christine Bailly-Maitre - ,L'Oisans ,"Eau, rivières, canaux et fontaines ,  Montagne ",XIIIe siècle ,EditerSupprimer
Enfant à Vizille dans les années 30  Résumé,26 à 28,Jean Perrin ,Vizille ,Vie locale ,- ,EditerSupprimer
N° 30,,,,,,
Mémoire n°30,,,,,,
Mémoire n°31,,,,,,
Restauration de la locomotive à vapeur bicabine n° 31 en Ardèche  Résumé,50 à 51,Denis Bellon ,France ,",  Voies de communication ",XXIe siècle ,EditerSupprimer
N° 31,,,,,,
Mémoire n°32,,,,,,
N° 32,,,,,,
N° 33,,,,,,
Mémoire n°33,,,,,,
Mémoire n°34,,,,,,
N° 34,,,,,,
Mémoire n°35,,,,,,
N° 35,,,,,,
Mémoire n°36,,,,,,
N° 36,,,,,,
Mémoire n°37,,,,,,
N° 37,,,,,,
Mémoire n°38,,,,,,
N° 38,,,,,,
N° 39,,,,,,
Souvenirs de guerre (39/45) d'un écolier vizillois  Résumé,70,Jean Huyghe ,"Pays vizillois ,  Vizille ","Guerres ,  Souvenirs ,  Récits ",XXe siècle ,EditerSupprimer
Mémoire n°39,,,,,,
Comment la Ille République a sombré Journal de Marguerite Lebrun (août 39 julle 40)  Résumé,3,Eric Freysselinard ,Vizille ,"Lieux remarquables ,  Histoires ,  Guerres , Personnages remarquables ",XXe siècle ,EditerSupprimer
L'auto-école il y a 40 ans  Résumé,34,Robert Guillaud ,Vizille ,Vie locale ,- ,EditerSupprimer
Mémoire n°41,,,,,,
N° 41,,,,,,
Table des articles publiés dans Mémoire 41 à 44  Résumé,71 à 72,Collectif - les Amis de l'Histoire ,- ,Divers ,- ,EditerSupprimer
Mémoire n°42,,,,,,
N° 42,,,,,,
Uriage-les-Bains - Hôpital militaire complémentaire n°42 (1914-1919)  Résumé,44 à 54,Charles Paillet ,Uriage ,Vie locale ,- ,EditerSupprimer
N° 43,,,,,,
Mémoire n°43,,,,,,
Relation des incidents survenus à Jarrie en juillet et août 44  Résumé,26,Georgette Balor ,Jarrie ,"Guerres ,  Grandes périodes ",- ,Editer Supprimer
Enigme à Champanier Printemps 44  Résumé,45,Philippe Vatin-Perignon ,Champagnier ,"Guerres ,  Grandes périodes ",- ,EditerSupprimer
N° 44,,,,,,
Mémoire n°44,,,,,,
N° 45,,,,,,
Mémoire n°45,,,,,,
Mémoire n°46,,,,,,
N° 46,,,,,,
N° 47,,,,,,
Mémoire n°47,,,,,,
Mémoire n°48,,,,,,
N° 48,,,,,,
N° 49,,,,,,
Mémoire n°49,,,,,,
Table des articles publiés dans Mémoire du n° 49 au n° 55 Résumé,80,- ,Vizille ,Vie de l'association ,XXIe siècle ,EditerSupprimer
N° 50,,,,,,
50 ans déjà : la Rafle du 18 février 1944  Résumé,17 à 37,"Robert Aillaud ,  Gérard Mingat ",Vizille ,"Guerres ,  Grandes périodes ",- ,EditerSupprimer
Mémoire n°50,,,,,,
Le chateau de paille dans les années 50  Résumé,38 à 42,Michèle Ferrafiat Delahaye ,Vizille ,Vie locale ,- ,EditerSupprimer
N° 51,,,,,,
Mémoire n°51,,,,,,
Mémoire n°52,,,,,,
N° 52,,,,,,
Mémoire n°53,,,,,,
N° 53,,,,,,
Mémoire n°54,,,,,,
N° 54,,,,,,
N° 55,,,,,,
Mémoire n°55,,,,,,
Mémoire n°56,,,,,,
N° 56,,,,,,
Table des articles publiés dans Mémoire du n° 56 au n° 63 Résumé,73,Collectif - les Amis de l'Histoire ,Pays vizillois ,Vie de l'association ,XXIe siècle ,EditerSupprimer
Mémoire n°57,,,,,,
N° 57,,,,,,
N° 58,,,,,,
Mémoire n°58,,,,,,
Mémoire n°59,,,,,,
N° 59,,,,,,
N° 60,,,,,,
Mémoire n°60,,,,,,
Mémoire n°61,,,,,,
N° 61,,,,,,
N° 62,,,,,,
Mémoire N°62,,,,,,
N° 63,,,,,,
Mémoire n°63,,,,,,
Mémoire n°64,,,,,,
N° 64,,,,,,
Mémoire n°65,,,,,,
N° 65,,,,,,
Mémoire n°66,,,,,,
N° 66,,,,,,
Les belles années des corsos à Vizille - les années 80 (suite)  Résumé,71 à 83,Jeannette Della-Vedova ,Vizille ,Vie locale ,XXe siècle ,EditerSupprimer
Vizille il y a 100 ans  Résumé,34 à 35,Robert Aillaud ,Vizille ,Vie locale ,- ,Editer Supprimer
100 ans d'école à Vizille - Encore des témoignages  Résumé,43,Danielle Amar ,Vizille ,Vie locale ,- ,EditerSupprimer
Une journée festive et conviviale - 100 ans d'école à Vizille  Résumé,2,- ,Vizille ,Vie de l'association ,- ,Editer Supprimer
Ils auraient 100 ans cette année - classe 1927 de Vizille  Résumé,55,Gérard Mingat ,Vizille ,"Vie locale ,  Personnages remarquables ",- ,EditerSupprimer
100 ans d'école à Vizille - Encore des témoignages  Résumé,29 à 30,Ecole Paul Langevin ,Vizille ,Vie locale ,- ,EditerSupprimer
Une très jeune dame de 100 ans  Résumé,38,Renée Gachet Berthon ,Vizille ,Personnages remarquables ,- ,EditerSupprimer
"L'Académie Delphinale, 250 ans d'histoire et de mémoire en Dauphiné Résumé",56 à 58,Denis Bellon ,Isère ,",  Documents remarquables ",XVIIIe siècle ,EditerSupprimer
Les papeteries de Vizille : plus de 400 ans cette année  Résumé,09 à 13,Robert Aillaud ,Vizille ,Activités industrielles ,- ,Editer Supprimer
La famille de Saint-Léger fête 1000 ans d'histoire  Résumé,06 à 08,Bernard De Saint-Léger ,Jarrie ,"Généalogie ,  Héraldique ",- ,EditerSupprimer
"1310 - 2010, déjà 700 ans! Les libertés communales de Vizille  Résumé",42 à 45,Denis Bellon ,Vizille ,Documents remarquables ,- ,Editer Supprimer
La peste en 1348 ..  Résumé,65,Denis Bellon ,"Jarrie ,  Vizille ","Histoires ,  Grandes périodes ",XIVe siècle ,EditerSupprimer
Une épouvantable défaite-1587 : la bataille de Jarrie vue du côté suisse  Résumé,57 à 65,Guy Le Comte ,Jarrie ,Guerres ,XVIe siècle ,EditerSupprimer
Comment fut fixé le prix du pain à Vizille en 1615 Résumé,46 à 47,Pierre Coing Boyat ,Vizille ,"Vie locale ,  Documents remarquables ",- ,EditerSupprimer
Visite du château de Vizille en 1628  Résumé,21 à 23,Robert Aillaud ,Vizille ,Bâtiments et édifices ,- ,Editer Supprimer
Lieudit et bail à ferme à Jarrie en 1653  Résumé,44 à 47,Pierre Coing Boyat ,Jarrie ,"Vie locale ,  Documents remarquables ",- ,Editer Supprimer
Visite de l'évêque de Grenoble : 1672 à Séchilienne  Résumé,19 à 21,Bernard Mingone ,Séchilienne ,"Bâtiments et édifices ,  Religions ",- ,EditerSupprimer
Un intérieur paysan en 1710 et 1880  Résumé,44 à 45,Pierre Melquiond ,"Brié et Angonnes ,  Saint Pierre de Mésage ",Documents remarquables ,- ,EditerSupprimer
Vizille 1711 : un contrat d'apprentissage  Résumé,16 à 17,Pierre Melquiond ,Vizille ,Documents remarquables ,- ,EditerSupprimer
Religion réformée - Brié en 1727  Résumé,29,Pierre Melquiond ,Brié et Angonnes ,"Bâtiments et édifices ,  Religions ",- ,EditerSupprimer
Fermage à Chachatier en 1730  Résumé,04 à 05,Bernard Mingone ,Vaulnaveys le bas ,Activités agricoles ,- ,Editer Supprimer
• Un passé bien antérieur ! Coupe de bois à Jarrie en 1743 Résumé,75,Pierre Coing Boyat ,Jarrie ,"Histoires ,  Activités artisanales ,  Récits ",XVIIIe siècle ,EditerSupprimer
Les ascensions oubliées des officiers géographes (1748-1778) Résumé,35 à 40,"Olivier Joseph ,  Paul Billon-grand ",L'Oisans ,"Lieux remarquables ,  Histoires ",XVIIIe siècle ,EditerSupprimer
La première foire de Champagnier en 1758  Résumé,71,Pierre Fiat ,Champagnier ,Vie locale ,XVIIIe siècle ,EditerSupprimer
En 1782 : les vaches de Brié étaient-elles folles ?  Résumé,26 à 28,Pierre Melquiond ,Brié et Angonnes ,"Vie locale ,  Histoires ",- ,Editer Supprimer
"Les mémoires de Basile Bonnardon, médecin à Vizille 1786-1863  Résumé",21,Basile Bonnardon ,Pays vizillois ,Personnages remarquables ,- ,EditerSupprimer
L'élection de St Pierre de Mésage : février 1790  Résumé,46 à 48,Denis Chambaz ,Saint Pierre de Mésage ,Vie locale ,- ,EditerSupprimer
"1790 : Dominique Bonnet, curé de St Pierre de Mésage, prête serment à la Constitution Civile du Clergé  Résumé",16 à 19,"Denis Chambaz ,  Pierre Coing Boyat ",Saint Pierre de Mésage ,"Religions ,  Evènements ",- ,EditerSupprimer
II - La vie en 1793 à Champ sur Drac sous la révolution Résumé,08 à 12,Gilbert Gacon ,Champ sur Drac ,Grandes périodes ,- ,EditerSupprimer
I - La vie en 1793 à Champ sur Drac sous la révolution Résumé,11 à 14,Gilbert Gacon ,Champ sur Drac ,Grandes périodes ,- ,EditerSupprimer
"1799, l'exode du Pape Pie VI et son passage à Vizille  Résumé",53 à 55,Gilbert Gacon ,"Isère ,  Vizille ",Religions ,XVIIIe siècle ,EditerSupprimer
Le triste sort de Pierre Guymet-Node de Montchaffrey qui avait un peu trop fêté la St-Barthélémy 1805  Résumé,23 à 26,"Gérard Mingat ,  Bernard Mingone ","Livet et Gavet , Montchaffrey ",Vie locale ,- ,EditerSupprimer
V - Les aventures de Charvet : 1814-1816  Résumé,33 à 47,Gérard Mingat ,Vizille ,"Grandes périodes ,  Personnages remarquables ",- ,EditerSupprimer
Année 1815 : le retour de Napoléon et son passage à Vizille  Résumé,36 à 44,Gilbert Gacon ,Vizille ,"Personnages remarquables ,  Evènements ",- ,EditerSupprimer
1816 : le coup d'état manqué de Jean-Paul Didier  Résumé,40 à 46,Gilbert Gacon ,Pays vizillois ,Evènements ,- ,EditerSupprimer
1843 : Histoire d'eau - 1852 : Histoire de débit de boisson  Résumé,05 à 06,Bernard Mingone ,Séchilienne ,Vie locale ,- ,EditerSupprimer
Le choléra dans nos contrées en 1854  Résumé,20 à 22,Bernard Mingone ,Séchilienne ,Médecine ,- ,EditerSupprimer
Les fêtes de Jarrie en 1867  Résumé,19 à 23,Pierre Coing Boyat ,Jarrie ,Vie locale ,- ,EditerSupprimer
La chapelle des Angonnes en 1867  Résumé,10 à 13,Patrice Dore ,Vizille ,"Bâtiments et édifices , Religions ",- ,EditerSupprimer
Lucis Baud (1870 - 1913)  Résumé,34 à 54,Gérard Mingat ,Vizille ,"Vie locale ,  Personnages remarquables ",- ,Editer Supprimer
"La musique à Vizille depuis 1873 -1ère partie : La fanfare de Vizille ou ""La Vizilloise"" - 1873/1982  Résumé",16 à 26,Jeannette Della-Vedova ,Vizille ,"Vie locale ,  Musique ",XXe siècle ,EditerSupprimer
Une autre vision peu flatteuse de Vizille en 1882  Résumé,26,Paul Fournier ,Vizille ,Documents remarquables ,- ,Editer Supprimer
Reculement de la Grande Rue à Vizille en 1893  Résumé,60 à 61,"Renée Gachet Berthon ,  Gérard Berthon ",Vizille ,Vie locale ,- ,Editer Supprimer
Un contrat d'apprentissage : 1895 à Brié  Résumé,34 à 35,Pierre Melquiond ,Brié et Angonnes ,Documents remarquables ,- ,Editer Supprimer
Victor Chambe 1896-1965  Résumé,17,Jeannette Della-Vedova ,Vizille ,"Guerres ,  Divers ,  Souvenirs ,  Récits ",XXe siècle ,EditerSupprimer
"Marius Bœuf (1898-1985), conducteur de trains sur le chemin de fer de La Mure  Résumé",10 à 11,Fernand Boeuf ,"Matheysine ,  Saint Georges de Commiers ","Mines et minéralogie ,  Transports ",XXe siècle ,EditerSupprimer
Des nouvelles de 1903  Résumé,07 à 13,Jean Perrier ,Grenoble ,Activités industrielles ,- ,EditerSupprimer
Vizille et ses comerces : la boucherie Cret - 1908 à 1979 -1ère partie de la rue Jean Jaurès Résumé,03 à 06,Jeannette Della-Vedova ,Vizille ,Vie locale ,XXe siècle ,EditerSupprimer
Centenaire des sapeurs-pompiers de Brié et Angonnes : 1909-2009  Résumé,29 à 33,Paul Wohlschlegel ,Brié ,Evènements ,- ,EditerSupprimer
La Grande Guerre de 1914-1918 : Vizille et ses soldats décédés entre le 1er juillet et le31 décembre 1917  Résumé,72 à 75,Marie-Claude Argoud ,Vizille ,Guerres ,XXe siècle ,EditerSupprimer
La grande guerre de 1914-1918 . Vizille et ses soldats décédés entre le 1er janvier et le 30 juin 1906  Résumé,04 à 08,Marie-Claude Argoud ,Vizille ,Guerres ,XXe siècle ,EditerSupprimer
La Grande Guerre de 1914-1918 : Vizille et ses soldats décédés entre le 1er Janvier et le 30 juin 1917  Résumé,68 à 72,Marie-Claude Argoud ,Vizille ,"Vie locale ,  Guerres ",XXe siècle ,EditerSupprimer
La grande guerre de 1914-1918 - Vizille et ses soldats décédés entre le 1er juillet et le 31 décembre 1916  Résumé,50 à 56,Marie-Claude Argoud ,Vizille ,Guerres ,XXe siècle ,EditerSupprimer
La grande guerre de 1914-1918 - Vizille et ses soldats décédés en 1914  Résumé,56 à 63,Daniel Blanc-Gonnet ,Vizille ,"Vie locale ,  Guerres ",- ,Editer Supprimer
Gabriel Fiat Carnets de guerre - 1914-1918  Résumé,17 à 32,Gabriel Fiat ,Séchilienne ,"Guerres ,  Souvenirs ",XXe siècle ,EditerSupprimer
Les femmes dans la guerre de 1914 à 1918  Résumé,21,Marie-Claude Argoud ,"Pays vizillois , Vizille ","Vie locale ,  Guerres ,  Grandes périodes ,  Activités industrielles , Récits ",XXe siècle ,EditerSupprimer
ElirViallet capitaine de chasseurs alpins ; Août 1914- Juin 1915  Résumé,45 à 48,Jacques Gasqui ,Saint Georges de Commiers ,"Guerres ,  Personnages remarquables ",XXe siècle ,EditerSupprimer
La grande guerre de 1914-1918 Vizille et ses soldats décédés entre le 1*' janvier et le 30 juin 1918  Résumé,66,Marie-Claude Argoud ,Vizille ,"Histoires ,  Guerres ",XXe siècle ,EditerSupprimer
La Grande Guerre de 1914-1918 : Vizille et ses soldats décédés entre le 1er juillet et le 31 décembre 1915  Résumé,12 à 18,"Daniel Blanc-Gonnet ,  Marie-Claude Argoud ",Vizille ,Guerres ,XXe siècle ,EditerSupprimer
La grande guerre de 1914-1918 - Vizille et ses soldats décédés entre le 1er janvier et le 30 juin 1915  Résumé,40 à 43,"Daniel Blanc-Gonnet ,  Marie-Claude Argoud ",Vizille ,"Vie locale ,  Guerres ",- ,EditerSupprimer
La grande guerre de 1914-1918 Viille et ses soldats décédés entre le 1* juillet et le 31 décembre 1918  Résumé,39,Marie-Claude Argoud ,Vizille ,"Guerres ,  Souvenirs ",XXe siècle ,EditerSupprimer
Jean Guitton 1917-2015  Résumé,74 à 75,"Gérard Mingat ,  Marie Del Net ",Vaulnaveys le haut ,Souvenirs ,XXIe siècle ,EditerSupprimer
Les Tissages de Vizille de 1918 à 1968 ()  Résumé,30,Jean Huyghe ,Vizille ,"Lieux remarquables ,  Activités industrielles , Souvenirs ,  Récits ",XXe siècle ,EditerSupprimer
Brié et Angonnes - La commune parraine le village martyr ardennais d'Etrepigny (1920) Résumé,55 à 56,Pierre Melquiond ,Brié et Angonnes ,"Guerres ,  Grandes périodes ",- ,EditerSupprimer
Brié et ses environs en 1922 : promenade d'automne autour des 4 Seigneurs Résumé,04 à 11,J. Vaujany ,Herbeys ,Vie locale ,- ,EditerSupprimer
Brié et ses environs en 1922 : promenade d'automne autour des 4 Seigneurs  Résumé,14 à 20,J. Vaujany ,Villeneuve d'Uriage ,Vie locale ,- ,EditerSupprimer
Brié et ses environs en 1922 : promenade d'automne autour des 4 seigneurs  Résumé,32 à 36,Pierre Melquiond ,Eybens ,Vie locale ,- ,Editer Supprimer
Déjà la circulation en 1924 : le tramway à Brié  Résumé,23,Pierre Melquiond ,Brié et Angonnes ,Voies de communication ,- ,EditerSupprimer
L'inondation de 1928 à Bourg d'Oisans  Résumé,15,Denis Bellon ,Pays vizillois ,"Eau, rivières, canaux et fontaines ",XXe siècle ,EditerSupprimer
Balade automnale d'un enfant vers 1930  Résumé,3,Aline Pignat ,Notre Dame de Mésage ,"Vie locale ,  Patois ,  Toponymie ",- ,Editer Supprimer
Souvenirs de la période 1939-1945 - Rencontre avec Fernand Bœuf  Résumé,12 à 14,Jacques Gasqui ,Saint Georges de Commiers ,"Mines et minéralogie ,  Activités industrielles ,  Transports ",XXe siècle ,EditerSupprimer
La vie de deux adolescents dans la tourmente de la guerre (1939-1945) - Pierre Ruibet et Mathilde Robert  Résumé,54 à 57,Albert Samuell ,Vizille ,"Guerres ,  Personnages remarquables , Evènements ",XXe siècle ,EditerSupprimer
1943 - 1944 : la voiture au gazo de mon père  Résumé,06 à 08,Jean Perrin ,Vizille ,"Vie locale ,  Guerres ,  Grandes périodes ",- ,EditerSupprimer
Huez et l'Alpe - Été 1944 ()  Résumé,25,Gilbert ORCEL ,L'Alpe d'Huez ,"Histoires ,  Guerres ,  Personnages remarquables ,  Récits ",XXe siècle ,EditerSupprimer
Commune de Livet et Gavet - Aout 1944  Résumé,46 à 54,Alain Romestant ,Livet et Gavet ,"Guerres ,  Grandes périodes ",- ,EditerSupprimer
"Commune de Livet et Gavet, aout 1944  Résumé",49 à 50,Alain Romestant ,Livet et Gavet ,"Guerres ,  Grandes périodes ",- ,EditerSupprimer
L'été 1944 au Péage-de-Vizile André raconte  Résumé,18,André Finet ,"Pays vizillois , Vizille ","Vie locale ,  Guerres ,  Souvenirs ,  Récits ",XXe siècle ,EditerSupprimer
Aout 1944 - Une période tragique à La Morte et dans le Taillefer  Résumé,50 à 59,Daniel Etienne ,La Morte ,Vie locale ,- ,Editer Supprimer
L'épopée du ski jarrois - père partie - 1947/1968  Résumé,71,Claudie Picot ,Jarrie ,Sport ,XXe siècle ,EditerSupprimer
Mondanité à Grenoble et Vizille - 1950  Résumé,43 à 46,Gérard Mingat ,Vizille ,Evènements ,- ,EditerSupprimer
Une figure pittoresque du Château de Paille dans les années 1950 « Kiki la rate »  Résumé,36,Colette Expilly ,Vizille ,"Souvenirs ,  Récits ",XXe siècle ,EditerSupprimer
Souvenir... souvenir... Les Jeux Olympiques de Grenoble en 1968 Résumé,27 à 29,Henri Girardy ,Grenoble ,Evènements ,- ,EditerSupprimer
Les belles années des corsos à Vizille - 1971/1997  Résumé,67 à 81,Jeannette Della-Vedova ,Vizille ,Vie locale ,XXIe siècle ,Editer Supprimer
Vizille et le festival 1973/ 1988 ; Le Diable et le Capitaine -1983  Résumé,03 à 11,"Robert Aillaud ,  Jeannette Della-Vedova ",Vizille ,Théâtre ,XXe siècle ,EditerSupprimer
Le premier festival de Vizille en 1973 - Till l'espiègle  Résumé,35,Jeannette Della-Vedova ,Vizille ,"Vie locale ,  Théâtre ",XXe siècle ,EditerSupprimer
Les festivals de Louis Beyler - 1976-La mère  Résumé,05 à 11,Jeannette Della-Vedova ,Vizille ,Théâtre ,XXe siècle ,EditerSupprimer
1979 - Ah ! Si Arthur était là... Le Vilème festival de Vizille  Résumé,45 à 52,Jeannette Della-Vedova ,Vizille ,"Vie locale ,  Contes et légendes ,  Théâtre ",XIIe siècle ,EditerSupprimer
1982 - Les Trois Mousquetaires - Louis Beyler Le Festival de Vizille fête ses 10 ans...  Résumé,59 à 66,Jeannette Della-Vedova ,Vizille ,"Théâtre ,  Arts ",XXe siècle ,EditerSupprimer
Les belles années des corsos ; les années 1990  Résumé,56 à 67,Jeannette Della-Vedova ,Vizille ,Vie locale ,XXe siècle ,EditerSupprimer
Les eaux d'Uriage : des Thermes romains à l'entreprise industrielle : 2000 ans d'histoire  Résumé,34 à 39,Charles Paillet ,Uriage ,"Eau, rivières, canaux et fontaines ",XXIe siècle ,EditerSupprimer
•La « Samba Parade » de 2006 à Vizille  Résumé,55,"Jeannette Della-Vedova ,  Jean Danz ",Vizille ,"Vie locale ,  Evènements ,  Souvenirs ",XXIe siècle ,EditerSupprimer
Eté 2009 - Patrimoine en fête  Résumé,41 à 42,- ,Pays vizillois ,Actualités ,- ,Editer Supprimer
La vie de l'association - Deuxième semestre 2013  Résumé,70 à 72,Collectif - les Amis de l'Histoire ,- ,Actualités ,- ,Editer Supprimer
Les quatrièmes grand rendez-vous de l'histoire du Pays Vizillois : mai/juin 2016 Résumé,19,Denis Bellon ,Vizille ,Vie de l'association ,XXIe siècle ,EditerSupprimer
"2017,Année Lesdiguières  Résumé",2,Denis Bellon ,Vizille ,Edito ,- ,EditerSupprimer
Catalogue 2019  Résumé,41,- ,Vizille ,Vie de l'association ,XXIe siècle ,EditerSupprimer
40000€ pour le prieuré de Vizille  Résumé,1,Denis Bellon ,Vizille ,"Lieux remarquables ,  Vie de l'association ,  Patrimoine ",XXIe siècle ,EditerSupprimer
